Date,Price,inflation_adjusted_price,price_rank
1994-03-21,1.106,2.517,1431.5
1994-03-28,1.107,2.519,1429.0
1994-04-04,1.109,2.52,1426.5
1994-04-11,1.108,2.518,1430.0
1994-04-18,1.105,2.511,1438.5
1994-04-25,1.106,2.513,1435.5
1994-05-02,1.104,2.507,1445.5
1994-05-09,1.101,2.5,1454.0
1994-05-16,1.099,2.496,1457.5
1994-05-23,1.099,2.496,1457.5
1994-05-30,1.098,2.494,1459.0
1994-06-06,1.101,2.492,1462.0
1994-06-13,1.098,2.485,1470.5
1994-06-20,1.103,2.497,1456.0
1994-06-27,1.108,2.508,1443.0
1994-07-04,1.109,2.503,1450.0
1994-07-11,1.11,2.506,1447.0
1994-07-18,1.111,2.508,1443.0
1994-07-25,1.111,2.508,1443.0
1994-08-01,1.116,2.509,1441.0
1994-08-08,1.127,2.534,1410.5
1994-08-15,1.127,2.534,1410.5
1994-08-22,1.124,2.527,1416.0
1994-08-29,1.122,2.522,1421.0
1994-09-05,1.126,2.525,1418.5
1994-09-12,1.128,2.529,1413.5
1994-09-19,1.126,2.525,1418.5
1994-09-26,1.12,2.511,1438.5
1994-10-03,1.118,2.505,1448.0
1994-10-10,1.117,2.503,1450.0
1994-10-17,1.119,2.507,1445.5
1994-10-24,1.122,2.514,1433.0
1994-10-31,1.133,2.539,1406.0
1994-11-07,1.133,2.535,1409.0
1994-11-14,1.135,2.54,1404.5
1994-11-21,1.13,2.529,1413.5
1994-11-28,1.126,2.52,1426.5
1994-12-05,1.123,2.513,1435.5
1994-12-12,1.114,2.493,1460.0
1994-12-19,1.109,2.482,1472.5
1994-12-26,1.106,2.475,1478.0
1995-01-02,1.104,2.461,1492.0
1995-01-09,1.102,2.456,1498.0
1995-01-16,1.1,2.452,1504.5
1995-01-23,1.095,2.44,1518.5
1995-01-30,1.09,2.429,1540.0
1995-02-06,1.086,2.411,1568.5
1995-02-13,1.088,2.415,1560.0
1995-02-20,1.088,2.415,1560.0
1995-02-27,1.089,2.417,1557.0
1995-03-06,1.089,2.409,1570.5
1995-03-13,1.088,2.407,1574.0
1995-03-20,1.085,2.401,1579.5
1995-03-27,1.088,2.407,1574.0
1995-04-03,1.094,2.413,1564.0
1995-04-10,1.101,2.428,1543.0
1995-04-17,1.106,2.439,1520.5
1995-04-24,1.115,2.459,1493.5
1995-05-01,1.119,2.463,1491.0
1995-05-08,1.126,2.478,1476.5
1995-05-15,1.126,2.478,1476.5
1995-05-22,1.124,2.474,1479.5
1995-05-29,1.13,2.487,1467.5
1995-06-05,1.124,2.469,1483.0
1995-06-12,1.122,2.465,1488.0
1995-06-19,1.117,2.454,1501.0
1995-06-26,1.112,2.443,1516.0
1995-07-03,1.106,2.429,1540.0
1995-07-10,1.103,2.423,1548.0
1995-07-17,1.099,2.414,1562.0
1995-07-24,1.098,2.412,1566.5
1995-07-31,1.093,2.401,1579.5
1995-08-07,1.099,2.408,1572.0
1995-08-14,1.106,2.423,1548.0
1995-08-21,1.106,2.423,1548.0
1995-08-28,1.109,2.43,1538.0
1995-09-04,1.115,2.438,1525.0
1995-09-11,1.119,2.447,1510.0
1995-09-18,1.122,2.453,1502.5
1995-09-25,1.121,2.451,1507.0
1995-10-02,1.117,2.434,1533.0
1995-10-09,1.117,2.434,1533.0
1995-10-16,1.117,2.434,1533.0
1995-10-23,1.114,2.428,1543.0
1995-10-30,1.11,2.419,1553.5
1995-11-06,1.118,2.438,1525.0
1995-11-13,1.118,2.438,1525.0
1995-11-20,1.119,2.44,1518.5
1995-11-27,1.124,2.451,1507.0
1995-12-04,1.123,2.451,1507.0
1995-12-11,1.124,2.453,1502.5
1995-12-18,1.13,2.466,1486.0
1995-12-25,1.141,2.49,1465.0
1996-01-01,1.148,2.491,1464.0
1996-01-08,1.146,2.486,1469.0
1996-01-15,1.152,2.499,1455.0
1996-01-22,1.144,2.482,1472.5
1996-01-29,1.136,2.465,1488.0
1996-02-05,1.13,2.444,1515.0
1996-02-12,1.134,2.452,1504.5
1996-02-19,1.151,2.489,1466.0
1996-02-26,1.164,2.517,1431.5
1996-03-04,1.175,2.528,1415.0
1996-03-11,1.173,2.524,1420.0
1996-03-18,1.172,2.521,1423.0
1996-03-25,1.21,2.603,1367.0
1996-04-01,1.222,2.619,1356.5
1996-04-08,1.249,2.677,1332.0
1996-04-15,1.305,2.797,1248.5
1996-04-22,1.304,2.795,1253.5
1996-04-29,1.285,2.754,1278.0
1996-05-06,1.292,2.764,1272.5
1996-05-13,1.285,2.749,1280.0
1996-05-20,1.274,2.725,1298.5
1996-05-27,1.254,2.682,1329.5
1996-06-03,1.24,2.651,1341.0
1996-06-10,1.215,2.597,1372.0
1996-06-17,1.193,2.55,1399.0
1996-06-24,1.179,2.52,1426.5
1996-07-01,1.172,2.501,1453.0
1996-07-08,1.173,2.503,1450.0
1996-07-15,1.178,2.513,1435.5
1996-07-22,1.184,2.526,1417.0
1996-07-29,1.178,2.513,1435.5
1996-08-05,1.184,2.521,1423.0
1996-08-12,1.191,2.536,1408.0
1996-08-19,1.206,2.568,1391.0
1996-08-26,1.222,2.602,1368.5
1996-09-02,1.231,2.613,1362.0
1996-09-09,1.25,2.654,1340.0
1996-09-16,1.276,2.709,1310.5
1996-09-23,1.277,2.711,1309.0
1996-09-30,1.289,2.736,1286.0
1996-10-07,1.308,2.768,1267.0
1996-10-14,1.326,2.806,1240.0
1996-10-21,1.329,2.812,1235.5
1996-10-28,1.329,2.812,1235.5
1996-11-04,1.323,2.794,1255.5
1996-11-11,1.316,2.78,1263.0
1996-11-18,1.324,2.796,1251.5
1996-11-25,1.327,2.803,1244.5
1996-12-02,1.323,2.794,1255.5
1996-12-09,1.32,2.788,1258.0
1996-12-16,1.307,2.761,1274.5
1996-12-23,1.3,2.746,1282.0
1996-12-30,1.295,2.735,1287.0
1997-01-06,1.291,2.718,1305.5
1997-01-13,1.296,2.729,1295.0
1997-01-20,1.293,2.722,1301.0
1997-01-27,1.283,2.701,1316.5
1997-02-03,1.288,2.703,1315.0
1997-02-10,1.285,2.697,1321.0
1997-02-17,1.278,2.682,1329.5
1997-02-24,1.269,2.663,1336.0
1997-03-03,1.252,2.621,1353.5
1997-03-10,1.23,2.575,1389.0
1997-03-17,1.22,2.554,1396.5
1997-03-24,1.22,2.554,1396.5
1997-03-31,1.225,2.565,1393.0
1997-04-07,1.217,2.545,1400.0
1997-04-14,1.216,2.543,1402.0
1997-04-21,1.211,2.532,1412.0
1997-04-28,1.205,2.52,1426.5
1997-05-05,1.205,2.521,1423.0
1997-05-12,1.191,2.492,1462.0
1997-05-19,1.191,2.492,1462.0
1997-05-26,1.196,2.502,1452.0
1997-06-02,1.19,2.487,1467.5
1997-06-09,1.187,2.48,1474.0
1997-06-16,1.172,2.449,1509.0
1997-06-23,1.162,2.428,1543.0
1997-06-30,1.153,2.409,1570.5
1997-07-07,1.159,2.419,1553.5
1997-07-14,1.152,2.404,1577.0
1997-07-21,1.147,2.394,1587.5
1997-07-28,1.145,2.39,1589.5
1997-08-04,1.155,2.406,1576.0
1997-08-11,1.168,2.433,1535.0
1997-08-18,1.167,2.431,1536.5
1997-08-25,1.169,2.435,1531.0
1997-09-01,1.165,2.421,1550.5
1997-09-08,1.163,2.417,1557.0
1997-09-15,1.156,2.402,1578.0
1997-09-22,1.154,2.398,1583.0
1997-09-29,1.16,2.411,1568.5
1997-10-06,1.175,2.436,1530.0
1997-10-13,1.185,2.456,1498.0
1997-10-20,1.185,2.456,1498.0
1997-10-27,1.185,2.456,1498.0
1997-11-03,1.188,2.464,1490.0
1997-11-10,1.19,2.468,1485.0
1997-11-17,1.195,2.479,1475.0
1997-11-24,1.193,2.474,1479.5
1997-12-01,1.189,2.469,1483.0
1997-12-08,1.174,2.438,1525.0
1997-12-15,1.162,2.413,1564.0
1997-12-22,1.155,2.399,1582.0
1997-12-29,1.15,2.388,1591.0
1998-01-05,1.147,2.378,1593.5
1998-01-12,1.126,2.334,1599.0
1998-01-19,1.109,2.299,1602.0
1998-01-26,1.096,2.272,1607.0
1998-02-02,1.091,2.257,1609.0
1998-02-09,1.085,2.245,1610.0
1998-02-16,1.082,2.239,1611.5
1998-02-23,1.079,2.233,1613.0
1998-03-02,1.074,2.218,1615.0
1998-03-09,1.066,2.202,1623.0
1998-03-16,1.057,2.183,1633.5
1998-03-23,1.049,2.166,1646.0
1998-03-30,1.068,2.206,1621.0
1998-04-06,1.067,2.2,1624.5
1998-04-13,1.065,2.195,1627.5
1998-04-20,1.065,2.195,1627.5
1998-04-27,1.07,2.206,1621.0
1998-05-04,1.072,2.206,1621.0
1998-05-11,1.075,2.212,1618.0
1998-05-18,1.069,2.2,1624.5
1998-05-25,1.06,2.181,1635.5
1998-06-01,1.053,2.164,1647.5
1998-06-08,1.045,2.148,1653.0
1998-06-15,1.04,2.137,1655.0
1998-06-22,1.033,2.123,1663.0
1998-06-29,1.034,2.125,1661.0
1998-07-06,1.036,2.126,1659.0
1998-07-13,1.031,2.116,1665.0
1998-07-20,1.027,2.108,1670.0
1998-07-27,1.02,2.094,1672.0
1998-08-03,1.016,2.083,1674.0
1998-08-10,1.01,2.071,1675.0
1998-08-17,1.007,2.064,1679.0
1998-08-24,1.004,2.058,1680.0
1998-08-31,1.0,2.05,1682.0
1998-09-07,1.009,2.066,1678.0
1998-09-14,1.019,2.086,1673.0
1998-09-21,1.03,2.109,1669.0
1998-09-28,1.039,2.127,1657.0
1998-10-05,1.041,2.126,1659.0
1998-10-12,1.041,2.126,1659.0
1998-10-19,1.036,2.116,1665.0
1998-10-26,1.036,2.116,1665.0
1998-11-02,1.035,2.114,1667.0
1998-11-09,1.034,2.112,1668.0
1998-11-16,1.026,2.096,1671.0
1998-11-23,1.012,2.067,1676.5
1998-11-30,1.004,2.051,1681.0
1998-12-07,0.986,2.015,1684.0
1998-12-14,0.972,1.987,1685.0
1998-12-21,0.968,1.978,1686.5
1998-12-28,0.966,1.974,1688.0
1999-01-04,0.965,1.967,1690.0
1999-01-11,0.967,1.972,1689.0
1999-01-18,0.97,1.978,1686.5
1999-01-25,0.964,1.965,1691.0
1999-02-01,0.962,1.959,1692.5
1999-02-08,0.962,1.959,1692.5
1999-02-15,0.959,1.953,1695.0
1999-02-22,0.953,1.941,1696.5
1999-03-01,0.956,1.941,1696.5
1999-03-08,0.964,1.957,1694.0
1999-03-15,1.0,2.03,1683.0
1999-03-22,1.018,2.067,1676.5
1999-03-29,1.046,2.124,1662.0
1999-04-05,1.075,2.167,1644.0
1999-04-12,1.084,2.185,1632.0
1999-04-19,1.08,2.177,1638.0
1999-04-26,1.078,2.173,1640.5
1999-05-03,1.078,2.173,1640.5
1999-05-10,1.083,2.183,1633.5
1999-05-17,1.075,2.167,1644.0
1999-05-24,1.066,2.149,1652.0
1999-05-31,1.065,2.147,1654.0
1999-06-07,1.059,2.134,1656.0
1999-06-14,1.068,2.153,1651.0
1999-06-21,1.082,2.181,1635.5
1999-06-28,1.087,2.191,1630.0
1999-07-05,1.102,2.214,1617.0
1999-07-12,1.114,2.239,1611.5
1999-07-19,1.133,2.277,1606.0
1999-07-26,1.137,2.285,1604.0
1999-08-02,1.146,2.297,1603.0
1999-08-09,1.156,2.317,1600.0
1999-08-16,1.178,2.361,1597.0
1999-08-23,1.186,2.378,1593.5
1999-08-30,1.194,2.394,1587.5
1999-09-06,1.198,2.39,1589.5
1999-09-13,1.209,2.412,1566.5
1999-09-20,1.226,2.446,1512.5
1999-09-27,1.226,2.446,1512.5
1999-10-04,1.234,2.458,1495.0
1999-10-11,1.228,2.446,1512.5
1999-10-18,1.224,2.438,1525.0
1999-10-25,1.226,2.442,1517.0
1999-11-01,1.229,2.446,1512.5
1999-11-08,1.234,2.456,1498.0
1999-11-15,1.261,2.51,1440.0
1999-11-22,1.289,2.566,1392.0
1999-11-29,1.304,2.595,1376.0
1999-12-06,1.294,2.576,1388.0
1999-12-13,1.288,2.564,1394.0
1999-12-20,1.287,2.562,1395.0
1999-12-27,1.298,2.584,1385.0
2000-01-03,1.309,2.598,1371.0
2000-01-10,1.307,2.594,1379.0
2000-01-17,1.307,2.594,1379.0
2000-01-24,1.418,2.814,1234.0
2000-01-31,1.439,2.856,1218.0
2000-02-07,1.47,2.9,1203.0
2000-02-14,1.456,2.872,1213.5
2000-02-21,1.456,2.872,1213.5
2000-02-28,1.461,2.882,1210.5
2000-03-06,1.49,2.915,1198.0
2000-03-13,1.496,2.927,1195.0
2000-03-20,1.479,2.894,1205.5
2000-03-27,1.451,2.839,1224.0
2000-04-03,1.442,2.82,1230.0
2000-04-10,1.419,2.775,1264.0
2000-04-17,1.398,2.734,1288.5
2000-04-24,1.428,2.792,1257.0
2000-05-01,1.418,2.77,1266.0
2000-05-08,1.402,2.738,1285.0
2000-05-15,1.415,2.764,1272.5
2000-05-22,1.432,2.797,1248.5
2000-05-29,1.431,2.795,1253.5
2000-06-05,1.419,2.757,1277.0
2000-06-12,1.411,2.742,1283.0
2000-06-19,1.423,2.765,1270.5
2000-06-26,1.432,2.782,1261.5
2000-07-03,1.453,2.817,1232.0
2000-07-10,1.449,2.809,1239.0
2000-07-17,1.435,2.782,1261.5
2000-07-24,1.424,2.76,1276.0
2000-07-31,1.408,2.729,1295.0
2000-08-07,1.41,2.733,1290.0
2000-08-14,1.447,2.805,1242.0
2000-08-21,1.471,2.852,1219.0
2000-08-28,1.536,2.978,1186.0
2000-09-04,1.609,3.103,1150.0
2000-09-11,1.629,3.142,1125.5
2000-09-18,1.653,3.188,1107.5
2000-09-25,1.657,3.196,1106.0
2000-10-02,1.625,3.128,1134.0
2000-10-09,1.614,3.107,1149.0
2000-10-16,1.67,3.215,1102.0
2000-10-23,1.648,3.173,1112.0
2000-10-30,1.629,3.136,1128.0
2000-11-06,1.61,3.098,1153.0
2000-11-13,1.603,3.084,1158.0
2000-11-20,1.627,3.13,1131.0
2000-11-27,1.645,3.165,1116.0
2000-12-04,1.622,3.123,1141.0
2000-12-11,1.577,3.036,1174.0
2000-12-18,1.545,2.974,1187.0
2000-12-25,1.515,2.917,1197.0
2001-01-01,1.522,2.912,1200.0
2001-01-08,1.52,2.908,1202.0
2001-01-15,1.509,2.887,1209.0
2001-01-22,1.528,2.923,1196.0
2001-01-29,1.539,2.944,1190.0
2001-02-05,1.52,2.896,1204.0
2001-02-12,1.518,2.892,1207.0
2001-02-19,1.48,2.82,1230.0
2001-02-26,1.451,2.765,1270.5
2001-03-05,1.42,2.7,1318.0
2001-03-12,1.406,2.673,1333.0
2001-03-19,1.392,2.646,1342.0
2001-03-26,1.379,2.622,1351.5
2001-04-02,1.391,2.634,1347.5
2001-04-09,1.397,2.645,1343.0
2001-04-16,1.437,2.721,1302.0
2001-04-23,1.443,2.732,1291.0
2001-04-30,1.442,2.731,1292.0
2001-05-07,1.47,2.771,1265.0
2001-05-14,1.491,2.811,1237.0
2001-05-21,1.494,2.816,1233.0
2001-05-28,1.529,2.882,1210.5
2001-06-04,1.514,2.849,1221.0
2001-06-11,1.486,2.797,1248.5
2001-06-18,1.48,2.785,1260.0
2001-06-25,1.447,2.723,1300.0
2001-07-02,1.407,2.655,1339.0
2001-07-09,1.392,2.627,1350.0
2001-07-16,1.38,2.604,1366.0
2001-07-23,1.348,2.544,1401.0
2001-07-30,1.347,2.542,1403.0
2001-08-06,1.345,2.538,1407.0
2001-08-13,1.367,2.58,1387.0
2001-08-20,1.394,2.631,1349.0
2001-08-27,1.452,2.74,1284.0
2001-09-03,1.488,2.796,1251.5
2001-09-10,1.492,2.803,1244.5
2001-09-17,1.527,2.869,1216.0
2001-09-24,1.473,2.767,1268.5
2001-10-01,1.39,2.62,1355.0
2001-10-08,1.371,2.584,1385.0
2001-10-15,1.353,2.551,1398.0
2001-10-22,1.318,2.485,1470.5
2001-10-29,1.31,2.469,1483.0
2001-11-05,1.291,2.438,1525.0
2001-11-12,1.269,2.396,1585.0
2001-11-19,1.252,2.364,1596.0
2001-11-26,1.223,2.309,1601.0
2001-12-03,1.194,2.264,1608.0
2001-12-10,1.173,2.224,1614.0
2001-12-17,1.143,2.167,1644.0
2001-12-24,1.154,2.188,1631.0
2001-12-31,1.169,2.216,1616.0
2002-01-07,1.168,2.209,1619.0
2002-01-14,1.159,2.192,1629.0
2002-01-21,1.14,2.156,1649.0
2002-01-28,1.144,2.164,1647.5
2002-02-04,1.144,2.155,1650.0
2002-02-11,1.153,2.172,1642.0
2002-02-18,1.156,2.178,1637.0
2002-02-25,1.154,2.174,1639.0
2002-03-04,1.173,2.198,1626.0
2002-03-11,1.216,2.278,1605.0
2002-03-18,1.251,2.344,1598.0
2002-03-25,1.281,2.4,1581.0
2002-04-01,1.295,2.413,1564.0
2002-04-08,1.323,2.465,1488.0
2002-04-15,1.32,2.459,1493.5
2002-04-22,1.304,2.429,1540.0
2002-04-29,1.302,2.426,1545.0
2002-05-06,1.305,2.431,1536.5
2002-05-13,1.299,2.42,1552.0
2002-05-20,1.309,2.439,1520.5
2002-05-27,1.308,2.437,1529.0
2002-06-03,1.3,2.421,1550.5
2002-06-10,1.286,2.395,1586.0
2002-06-17,1.275,2.374,1595.0
2002-06-24,1.281,2.385,1592.0
2002-07-01,1.289,2.397,1584.0
2002-07-08,1.294,2.407,1574.0
2002-07-15,1.3,2.418,1555.0
2002-07-22,1.311,2.438,1525.0
2002-07-29,1.303,2.424,1546.0
2002-08-05,1.304,2.417,1557.0
2002-08-12,1.303,2.415,1560.0
2002-08-19,1.333,2.471,1481.0
2002-08-26,1.37,2.54,1404.5
2002-09-02,1.388,2.569,1390.0
2002-09-09,1.396,2.584,1385.0
2002-09-16,1.414,2.617,1359.0
2002-09-23,1.417,2.622,1351.5
2002-09-30,1.438,2.661,1337.5
2002-10-07,1.46,2.698,1320.0
2002-10-14,1.461,2.699,1319.0
2002-10-21,1.469,2.714,1308.0
2002-10-28,1.456,2.69,1324.0
2002-11-04,1.442,2.664,1335.0
2002-11-11,1.427,2.637,1344.5
2002-11-18,1.405,2.596,1373.5
2002-11-25,1.405,2.596,1373.5
2002-12-02,1.407,2.605,1365.0
2002-12-09,1.405,2.602,1368.5
2002-12-16,1.401,2.594,1379.0
2002-12-23,1.44,2.667,1334.0
2002-12-30,1.491,2.761,1274.5
2003-01-06,1.501,2.767,1268.5
2003-01-13,1.478,2.725,1298.5
2003-01-20,1.48,2.729,1295.0
2003-01-27,1.492,2.751,1279.0
2003-02-03,1.542,2.821,1227.5
2003-02-10,1.662,3.041,1173.0
2003-02-17,1.704,3.117,1146.0
2003-02-24,1.709,3.127,1136.5
2003-03-03,1.753,3.188,1107.5
2003-03-10,1.771,3.221,1099.5
2003-03-17,1.752,3.186,1109.0
2003-03-24,1.662,3.022,1177.0
2003-03-31,1.602,2.913,1199.0
2003-04-07,1.554,2.832,1226.0
2003-04-14,1.539,2.805,1242.0
2003-04-21,1.529,2.787,1259.0
2003-04-28,1.508,2.748,1281.0
2003-05-05,1.484,2.709,1310.5
2003-05-12,1.444,2.636,1346.0
2003-05-19,1.443,2.634,1347.5
2003-05-26,1.434,2.618,1358.0
2003-06-02,1.423,2.595,1376.0
2003-06-09,1.422,2.593,1381.0
2003-06-16,1.432,2.611,1364.0
2003-06-23,1.423,2.595,1376.0
2003-06-30,1.42,2.589,1382.0
2003-07-07,1.428,2.601,1370.0
2003-07-14,1.435,2.614,1361.0
2003-07-21,1.439,2.621,1353.5
2003-07-28,1.438,2.619,1356.5
2003-08-04,1.453,2.637,1344.5
2003-08-11,1.492,2.707,1313.0
2003-08-18,1.498,2.718,1305.5
2003-08-25,1.503,2.727,1297.0
2003-09-01,1.501,2.715,1307.0
2003-09-08,1.488,2.691,1323.0
2003-09-15,1.471,2.661,1337.5
2003-09-22,1.444,2.612,1363.0
2003-09-29,1.429,2.585,1383.0
2003-10-06,1.445,2.616,1360.0
2003-10-13,1.483,2.685,1327.0
2003-10-20,1.502,2.72,1303.0
2003-10-27,1.495,2.707,1313.0
2003-11-03,1.481,2.689,1325.5
2003-11-10,1.476,2.68,1331.0
2003-11-17,1.481,2.689,1325.5
2003-11-24,1.491,2.707,1313.0
2003-12-01,1.476,2.683,1328.0
2003-12-08,1.481,2.692,1322.0
2003-12-15,1.486,2.701,1316.5
2003-12-22,1.504,2.734,1288.5
2003-12-29,1.502,2.73,1293.0
2004-01-05,1.503,2.719,1304.0
2004-01-12,1.551,2.805,1242.0
2004-01-19,1.559,2.82,1230.0
2004-01-26,1.591,2.878,1212.0
2004-02-02,1.581,2.844,1222.0
2004-02-09,1.568,2.821,1227.5
2004-02-16,1.584,2.85,1220.0
2004-02-23,1.595,2.869,1216.0
2004-03-01,1.619,2.894,1205.5
2004-03-08,1.628,2.91,1201.0
2004-03-15,1.617,2.89,1208.0
2004-03-22,1.641,2.933,1193.0
2004-03-29,1.642,2.935,1192.0
2004-04-05,1.648,2.936,1191.0
2004-04-12,1.679,2.992,1181.0
2004-04-19,1.724,3.072,1164.5
2004-04-26,1.718,3.061,1170.0
2004-05-03,1.717,3.042,1172.0
2004-05-10,1.745,3.091,1156.0
2004-05-17,1.763,3.123,1141.0
2004-05-24,1.761,3.12,1144.0
2004-05-31,1.746,3.093,1155.0
2004-06-07,1.734,3.062,1169.0
2004-06-14,1.711,3.021,1178.0
2004-06-21,1.7,3.002,1179.5
2004-06-28,1.7,3.002,1179.5
2004-07-05,1.716,3.035,1175.0
2004-07-12,1.74,3.077,1162.5
2004-07-19,1.744,3.085,1157.0
2004-07-26,1.754,3.102,1151.0
2004-08-02,1.78,3.147,1122.0
2004-08-09,1.814,3.207,1104.0
2004-08-16,1.825,3.226,1097.0
2004-08-23,1.874,3.313,1079.0
2004-08-30,1.871,3.307,1083.0
2004-09-06,1.869,3.297,1086.0
2004-09-13,1.874,3.306,1084.0
2004-09-20,1.912,3.373,1059.5
2004-09-27,2.012,3.549,978.0
2004-10-04,2.053,3.602,961.0
2004-10-11,2.092,3.671,942.5
2004-10-18,2.18,3.825,877.0
2004-10-25,2.212,3.881,852.5
2004-11-01,2.206,3.869,860.0
2004-11-08,2.163,3.794,887.0
2004-11-15,2.132,3.739,916.0
2004-11-22,2.116,3.711,929.0
2004-11-29,2.116,3.711,929.0
2004-12-06,2.069,3.642,953.0
2004-12-13,1.997,3.515,1001.0
2004-12-20,1.984,3.492,1017.0
2004-12-27,1.987,3.498,1014.5
2005-01-03,1.957,3.438,1039.5
2005-01-10,1.934,3.397,1051.0
2005-01-17,1.952,3.429,1044.0
2005-01-24,1.959,3.441,1037.5
2005-01-31,1.992,3.499,1013.0
2005-02-07,1.983,3.463,1029.0
2005-02-14,1.986,3.469,1027.0
2005-02-21,2.02,3.528,993.0
2005-02-28,2.118,3.699,936.0
2005-03-07,2.168,3.757,907.5
2005-03-14,2.194,3.802,883.0
2005-03-21,2.244,3.889,843.5
2005-03-28,2.249,3.897,840.0
2005-04-04,2.303,3.964,793.5
2005-04-11,2.316,3.987,771.0
2005-04-18,2.259,3.889,843.5
2005-04-25,2.289,3.94,816.0
2005-05-02,2.262,3.898,838.0
2005-05-09,2.227,3.837,873.0
2005-05-16,2.189,3.772,898.0
2005-05-23,2.156,3.715,927.0
2005-05-30,2.16,3.722,923.0
2005-06-06,2.234,3.848,869.5
2005-06-13,2.276,3.92,825.5
2005-06-20,2.313,3.984,772.5
2005-06-27,2.336,4.023,735.0
2005-07-04,2.348,4.025,733.5
2005-07-11,2.408,4.128,656.0
2005-07-18,2.392,4.101,677.0
2005-07-25,2.342,4.015,742.5
2005-08-01,2.348,4.005,751.0
2005-08-08,2.407,4.105,671.5
2005-08-15,2.567,4.378,517.5
2005-08-22,2.588,4.414,506.5
2005-08-29,2.59,4.418,505.0
2005-09-05,2.898,4.883,358.0
2005-09-12,2.847,4.797,382.0
2005-09-19,2.732,4.603,431.5
2005-09-26,2.798,4.715,406.0
2005-10-03,3.144,5.287,297.0
2005-10-10,3.15,5.297,295.0
2005-10-17,3.148,5.294,296.0
2005-10-24,3.157,5.309,293.0
2005-10-31,2.876,4.836,374.0
2005-11-07,2.698,4.574,444.0
2005-11-14,2.602,4.411,509.0
2005-11-21,2.513,4.26,588.0
2005-11-28,2.479,4.203,607.0
2005-12-05,2.425,4.128,656.0
2005-12-12,2.436,4.146,646.0
2005-12-19,2.462,4.191,615.0
2005-12-26,2.448,4.167,628.5
2006-01-02,2.442,4.125,658.5
2006-01-09,2.485,4.198,612.0
2006-01-16,2.449,4.137,651.5
2006-01-23,2.472,4.176,621.0
2006-01-30,2.489,4.205,605.0
2006-02-06,2.499,4.213,601.0
2006-02-13,2.476,4.174,622.0
2006-02-20,2.455,4.139,648.5
2006-02-27,2.471,4.166,630.5
2006-03-06,2.545,4.267,582.5
2006-03-13,2.543,4.264,585.0
2006-03-20,2.581,4.327,542.5
2006-03-27,2.565,4.3,560.5
2006-04-03,2.617,4.351,529.5
2006-04-10,2.654,4.412,508.0
2006-04-17,2.765,4.597,433.0
2006-04-24,2.876,4.781,388.5
2006-05-01,2.896,4.791,385.0
2006-05-08,2.897,4.792,384.0
2006-05-15,2.92,4.83,375.0
2006-05-22,2.888,4.777,390.5
2006-05-29,2.882,4.767,395.0
2006-06-05,2.89,4.771,392.0
2006-06-12,2.918,4.818,376.0
2006-06-19,2.915,4.813,378.0
2006-06-26,2.867,4.733,401.0
2006-07-03,2.898,4.77,393.5
2006-07-10,2.918,4.803,380.0
2006-07-17,2.926,4.816,377.0
2006-07-24,2.946,4.849,368.5
2006-07-31,2.98,4.905,352.0
2006-08-07,3.055,5.019,340.0
2006-08-14,3.065,5.035,338.0
2006-08-21,3.033,4.983,343.0
2006-08-28,3.027,4.973,344.0
2006-09-04,2.967,4.898,353.0
2006-09-11,2.857,4.717,404.0
2006-09-18,2.713,4.479,488.0
2006-09-25,2.595,4.284,569.5
2006-10-02,2.546,4.226,596.0
2006-10-09,2.506,4.16,635.0
2006-10-16,2.503,4.155,638.0
2006-10-23,2.524,4.19,616.0
2006-10-30,2.517,4.178,619.0
2006-11-06,2.506,4.166,630.5
2006-11-13,2.552,4.243,593.0
2006-11-20,2.553,4.244,592.0
2006-11-27,2.567,4.267,582.5
2006-12-04,2.618,4.346,532.0
2006-12-11,2.621,4.351,529.5
2006-12-18,2.606,4.326,544.0
2006-12-25,2.596,4.309,556.0
2007-01-01,2.58,4.27,580.0
2007-01-08,2.537,4.199,610.5
2007-01-15,2.463,4.076,690.5
2007-01-22,2.43,4.021,736.0
2007-01-29,2.413,3.993,764.5
2007-02-05,2.435,4.008,747.5
2007-02-12,2.476,4.076,690.5
2007-02-19,2.491,4.1,679.0
2007-02-26,2.551,4.199,610.5
2007-03-05,2.626,4.284,569.5
2007-03-12,2.685,4.38,515.0
2007-03-19,2.681,4.373,521.0
2007-03-26,2.676,4.365,523.0
2007-04-02,2.79,4.522,462.5
2007-04-09,2.84,4.603,431.5
2007-04-16,2.877,4.663,418.0
2007-04-23,2.851,4.621,428.5
2007-04-30,2.811,4.556,447.0
2007-05-07,2.792,4.498,474.0
2007-05-14,2.773,4.467,492.0
2007-05-21,2.803,4.515,464.0
2007-05-28,2.817,4.538,453.0
2007-06-04,2.799,4.5,472.0
2007-06-11,2.792,4.489,483.0
2007-06-18,2.805,4.51,466.0
2007-06-25,2.835,4.558,446.0
2007-07-02,2.829,4.55,449.0
2007-07-09,2.849,4.582,440.5
2007-07-16,2.889,4.646,420.5
2007-07-23,2.889,4.646,420.5
2007-07-30,2.886,4.641,424.0
2007-08-06,2.898,4.669,416.0
2007-08-13,2.847,4.587,438.0
2007-08-20,2.868,4.621,428.5
2007-08-27,2.863,4.613,430.0
2007-09-03,2.893,4.648,419.0
2007-09-10,2.924,4.698,409.0
2007-09-17,2.964,4.762,397.0
2007-09-24,3.032,4.872,363.5
2007-10-01,3.048,4.887,356.0
2007-10-08,3.035,4.866,366.0
2007-10-15,3.039,4.872,363.5
2007-10-22,3.094,4.961,346.0
2007-10-29,3.157,5.062,334.0
2007-11-05,3.303,5.264,303.0
2007-11-12,3.425,5.459,258.0
2007-11-19,3.41,5.435,266.5
2007-11-26,3.444,5.489,252.5
2007-12-03,3.416,5.448,262.0
2007-12-10,3.325,5.303,294.0
2007-12-17,3.309,5.277,300.0
2007-12-24,3.308,5.276,301.0
2007-12-31,3.345,5.335,288.0
2008-01-07,3.376,5.358,284.0
2008-01-14,3.326,5.278,299.0
2008-01-21,3.27,5.189,313.0
2008-01-28,3.259,5.172,317.0
2008-02-04,3.28,5.19,311.5
2008-02-11,3.28,5.19,311.5
2008-02-18,3.396,5.374,278.0
2008-02-25,3.552,5.621,187.0
2008-03-03,3.658,5.739,137.0
2008-03-10,3.819,5.991,65.0
2008-03-17,3.974,6.234,36.0
2008-03-24,3.989,6.258,35.0
2008-03-31,3.964,6.219,37.0
2008-04-07,3.955,6.167,39.0
2008-04-14,4.059,6.329,30.0
2008-04-21,4.143,6.46,20.0
2008-04-28,4.177,6.513,18.0
2008-05-05,4.149,6.416,25.5
2008-05-12,4.331,6.697,13.0
2008-05-19,4.497,6.954,11.0
2008-05-26,4.723,7.303,1.0
2008-06-02,4.707,7.206,3.0
2008-06-09,4.692,7.183,6.5
2008-06-16,4.692,7.183,6.5
2008-06-23,4.648,7.116,8.0
2008-06-30,4.645,7.111,9.0
2008-07-07,4.727,7.199,4.0
2008-07-14,4.764,7.255,2.0
2008-07-21,4.718,7.185,5.0
2008-07-28,4.603,7.01,10.0
2008-08-04,4.502,6.884,12.0
2008-08-11,4.353,6.656,14.0
2008-08-18,4.207,6.432,24.0
2008-08-25,4.145,6.338,29.0
2008-09-01,4.121,6.31,32.0
2008-09-08,4.059,6.215,38.0
2008-09-15,4.023,6.16,40.0
2008-09-22,3.958,6.06,49.0
2008-09-29,3.959,6.062,48.0
2008-10-06,3.875,5.994,64.0
2008-10-13,3.659,5.659,169.0
2008-10-20,3.482,5.386,274.0
2008-10-27,3.288,5.086,329.0
2008-11-03,3.088,4.87,365.0
2008-11-10,2.944,4.642,423.0
2008-11-17,2.809,4.43,503.0
2008-11-24,2.664,4.201,608.0
2008-12-01,2.615,4.167,628.5
2008-12-08,2.515,4.007,749.0
2008-12-15,2.422,3.859,863.0
2008-12-22,2.366,3.77,900.0
2008-12-29,2.327,3.708,932.0
2009-01-05,2.291,3.635,955.0
2009-01-12,2.314,3.671,942.5
2009-01-19,2.296,3.643,952.0
2009-01-26,2.268,3.598,964.0
2009-02-02,2.246,3.546,980.0
2009-02-09,2.219,3.503,1008.5
2009-02-16,2.186,3.451,1035.0
2009-02-23,2.13,3.363,1066.0
2009-03-02,2.087,3.287,1090.5
2009-03-09,2.045,3.221,1099.5
2009-03-16,2.017,3.176,1111.0
2009-03-23,2.09,3.291,1088.5
2009-03-30,2.221,3.498,1014.5
2009-04-06,2.228,3.5,1012.0
2009-04-13,2.229,3.502,1010.5
2009-04-20,2.221,3.489,1018.5
2009-04-27,2.201,3.458,1031.0
2009-05-04,2.185,3.423,1046.0
2009-05-11,2.216,3.471,1026.0
2009-05-18,2.231,3.495,1016.0
2009-05-25,2.274,3.562,973.5
2009-06-01,2.352,3.653,949.0
2009-06-08,2.498,3.879,854.5
2009-06-15,2.572,3.994,763.0
2009-06-22,2.616,4.063,701.5
2009-06-29,2.608,4.05,712.5
2009-07-06,2.594,4.035,728.5
2009-07-13,2.542,3.954,802.5
2009-07-20,2.496,3.883,849.5
2009-07-27,2.528,3.932,818.0
2009-08-03,2.55,3.958,800.0
2009-08-10,2.625,4.074,693.0
2009-08-17,2.652,4.116,666.5
2009-08-24,2.668,4.141,647.0
2009-08-31,2.674,4.15,642.5
2009-09-07,2.647,4.106,670.0
2009-09-14,2.634,4.085,688.0
2009-09-21,2.622,4.067,698.5
2009-09-28,2.601,4.034,730.0
2009-10-05,2.582,4.001,755.5
2009-10-12,2.6,4.029,731.5
2009-10-19,2.705,4.192,614.0
2009-10-26,2.801,4.34,537.0
2009-11-02,2.808,4.348,531.0
2009-11-09,2.801,4.337,539.5
2009-11-16,2.79,4.32,548.0
2009-11-23,2.787,4.316,550.0
2009-11-30,2.775,4.297,563.0
2009-12-07,2.772,4.3,560.5
2009-12-14,2.748,4.263,586.0
2009-12-21,2.726,4.229,595.0
2009-12-28,2.732,4.238,594.0
2010-01-04,2.797,4.324,545.0
2010-01-11,2.879,4.451,495.0
2010-01-18,2.87,4.437,499.0
2010-01-25,2.833,4.38,515.0
2010-02-01,2.781,4.298,562.0
2010-02-08,2.769,4.28,572.5
2010-02-15,2.756,4.259,589.0
2010-02-22,2.832,4.377,519.0
2010-03-01,2.861,4.404,511.0
2010-03-08,2.904,4.47,490.0
2010-03-15,2.924,4.501,470.0
2010-03-22,2.946,4.535,455.0
2010-03-29,2.939,4.524,460.0
2010-04-05,3.015,4.633,426.0
2010-04-12,3.069,4.716,405.0
2010-04-19,3.074,4.723,403.0
2010-04-26,3.078,4.729,402.0
2010-05-03,3.122,4.793,383.0
2010-05-10,3.127,4.801,381.0
2010-05-17,3.094,4.75,399.0
2010-05-24,3.021,4.638,425.0
2010-05-31,2.98,4.575,443.0
2010-06-07,2.946,4.528,457.0
2010-06-14,2.928,4.5,472.0
2010-06-21,2.961,4.551,448.0
2010-06-28,2.956,4.543,451.0
2010-07-05,2.924,4.493,480.5
2010-07-12,2.903,4.461,493.0
2010-07-19,2.899,4.454,494.0
2010-07-26,2.919,4.485,485.0
2010-08-02,2.928,4.493,480.5
2010-08-09,2.991,4.589,437.0
2010-08-16,2.979,4.571,445.0
2010-08-23,2.957,4.537,454.0
2010-08-30,2.938,4.508,467.0
2010-09-06,2.931,4.495,478.5
2010-09-13,2.943,4.513,465.0
2010-09-20,2.96,4.539,452.0
2010-09-27,2.951,4.525,458.5
2010-10-04,3.0,4.595,434.0
2010-10-11,3.066,4.696,411.0
2010-10-18,3.073,4.707,408.0
2010-10-25,3.067,4.697,410.0
2010-11-01,3.067,4.695,412.0
2010-11-08,3.116,4.77,393.5
2010-11-15,3.184,4.875,361.0
2010-11-22,3.171,4.855,367.0
2010-11-29,3.162,4.841,372.0
2010-12-06,3.197,4.886,357.0
2010-12-13,3.231,4.938,350.0
2010-12-20,3.248,4.964,345.0
2010-12-27,3.294,5.034,339.0
2011-01-03,3.331,5.067,332.0
2011-01-10,3.333,5.07,331.0
2011-01-17,3.407,5.182,315.0
2011-01-24,3.43,5.217,307.5
2011-01-31,3.438,5.23,305.0
2011-02-07,3.513,5.317,291.5
2011-02-14,3.534,5.349,285.5
2011-02-21,3.573,5.408,271.0
2011-02-28,3.716,5.625,185.0
2011-03-07,3.871,5.803,119.5
2011-03-14,3.908,5.858,103.0
2011-03-21,3.907,5.857,104.0
2011-03-28,3.932,5.894,93.0
2011-04-04,3.976,5.922,86.0
2011-04-11,4.078,6.074,47.0
2011-04-18,4.105,6.114,43.5
2011-04-25,4.098,6.104,45.0
2011-05-02,4.124,6.114,43.5
2011-05-09,4.104,6.084,46.0
2011-05-16,4.061,6.02,56.0
2011-05-23,3.997,5.925,85.0
2011-05-30,3.948,5.853,107.0
2011-06-06,3.94,5.847,108.0
2011-06-13,3.954,5.868,101.0
2011-06-20,3.95,5.862,102.0
2011-06-27,3.888,5.77,128.0
2011-07-04,3.85,5.708,145.0
2011-07-11,3.899,5.781,126.0
2011-07-18,3.923,5.817,117.0
2011-07-25,3.949,5.855,105.0
2011-08-01,3.937,5.821,116.0
2011-08-08,3.897,5.762,132.0
2011-08-15,3.835,5.671,166.0
2011-08-22,3.81,5.634,183.0
2011-08-29,3.82,5.648,176.0
2011-09-05,3.868,5.711,144.0
2011-09-12,3.862,5.702,146.0
2011-09-19,3.833,5.659,169.0
2011-09-26,3.786,5.59,208.5
2011-10-03,3.749,5.546,230.5
2011-10-10,3.721,5.505,249.0
2011-10-17,3.801,5.623,186.0
2011-10-24,3.825,5.659,169.0
2011-10-31,3.892,5.758,133.0
2011-11-07,3.887,5.756,134.5
2011-11-14,3.987,5.904,92.0
2011-11-21,4.01,5.938,82.0
2011-11-28,3.964,5.87,99.5
2011-12-05,3.931,5.835,111.5
2011-12-12,3.894,5.78,127.0
2011-12-19,3.828,5.682,157.0
2011-12-26,3.791,5.627,184.0
2012-01-02,3.783,5.591,206.5
2012-01-09,3.828,5.657,171.0
2012-01-16,3.854,5.696,148.0
2012-01-23,3.848,5.687,155.0
2012-01-30,3.85,5.69,153.0
2012-02-06,3.856,5.674,164.5
2012-02-13,3.943,5.802,121.0
2012-02-20,3.96,5.827,113.0
2012-02-27,4.051,5.961,75.5
2012-03-05,4.094,5.978,70.5
2012-03-12,4.123,6.021,55.0
2012-03-19,4.142,6.049,51.0
2012-03-26,4.147,6.056,50.0
2012-04-02,4.142,6.03,54.0
2012-04-09,4.148,6.039,53.0
2012-04-16,4.127,6.008,58.0
2012-04-23,4.085,5.947,79.0
2012-04-30,4.073,5.93,83.0
2012-05-07,4.057,5.914,89.0
2012-05-14,4.004,5.836,109.5
2012-05-21,3.956,5.766,129.0
2012-05-28,3.897,5.68,158.5
2012-06-04,3.846,5.614,189.5
2012-06-11,3.781,5.519,241.0
2012-06-18,3.729,5.443,263.0
2012-06-25,3.678,5.369,279.0
2012-07-02,3.648,5.334,289.0
2012-07-09,3.683,5.385,275.0
2012-07-16,3.695,5.403,272.0
2012-07-23,3.783,5.531,235.0
2012-07-30,3.796,5.55,227.5
2012-08-06,3.85,5.598,201.0
2012-08-13,3.965,5.765,130.5
2012-08-20,4.026,5.854,106.0
2012-08-27,4.089,5.946,80.0
2012-09-03,4.127,5.974,73.0
2012-09-10,4.132,5.981,68.0
2012-09-17,4.135,5.986,66.0
2012-09-24,4.086,5.915,88.0
2012-10-01,4.079,5.907,91.0
2012-10-08,4.094,5.929,84.0
2012-10-15,4.15,6.01,57.0
2012-10-22,4.116,5.961,75.5
2012-10-29,4.03,5.836,109.5
2012-11-05,4.01,5.835,111.5
2012-11-12,3.98,5.791,122.0
2012-11-19,3.976,5.785,124.0
2012-11-26,4.034,5.87,99.5
2012-12-03,4.027,5.875,97.0
2012-12-10,3.991,5.823,115.0
2012-12-17,3.945,5.756,134.5
2012-12-24,3.923,5.724,141.0
2012-12-31,3.918,5.716,142.0
2013-01-07,3.911,5.689,154.0
2013-01-14,3.894,5.664,167.0
2013-01-21,3.902,5.676,161.5
2013-01-28,3.927,5.712,143.0
2013-02-04,4.022,5.803,119.5
2013-02-11,4.104,5.921,87.0
2013-02-18,4.157,5.998,63.0
2013-02-25,4.159,6.001,61.0
2013-03-04,4.13,5.943,81.0
2013-03-11,4.088,5.883,95.0
2013-03-18,4.047,5.824,114.0
2013-03-25,4.006,5.765,130.5
2013-04-01,3.993,5.752,136.0
2013-04-08,3.977,5.729,140.0
2013-04-15,3.942,5.679,160.0
2013-04-22,3.887,5.6,197.0
2013-04-29,3.851,5.548,229.0
2013-05-06,3.845,5.529,236.0
2013-05-13,3.866,5.559,222.5
2013-05-20,3.89,5.594,204.0
2013-05-27,3.88,5.58,214.5
2013-06-03,3.869,5.55,227.5
2013-06-10,3.849,5.522,239.0
2013-06-17,3.841,5.51,243.0
2013-06-24,3.838,5.506,248.0
2013-07-01,3.817,5.474,256.0
2013-07-08,3.828,5.489,252.5
2013-07-15,3.867,5.545,232.0
2013-07-22,3.903,5.597,202.0
2013-07-29,3.915,5.614,189.5
2013-08-05,3.909,5.599,199.0
2013-08-12,3.896,5.58,214.5
2013-08-19,3.9,5.586,210.0
2013-08-26,3.913,5.605,195.0
2013-09-02,3.981,5.695,149.5
2013-09-09,3.981,5.695,149.5
2013-09-16,3.974,5.685,156.0
2013-09-23,3.949,5.65,174.5
2013-09-30,3.919,5.607,193.0
2013-10-07,3.897,5.59,208.5
2013-10-14,3.886,5.574,217.5
2013-10-21,3.886,5.574,217.5
2013-10-28,3.87,5.551,226.0
2013-11-04,3.857,5.543,233.0
2013-11-11,3.832,5.508,245.5
2013-11-18,3.822,5.493,251.0
2013-11-25,3.844,5.525,238.0
2013-12-02,3.883,5.581,213.0
2013-12-09,3.879,5.576,216.0
2013-12-16,3.871,5.564,221.0
2013-12-23,3.873,5.567,219.0
2013-12-30,3.903,5.61,192.0
2014-01-06,3.91,5.599,199.0
2014-01-13,3.886,5.565,220.0
2014-01-20,3.873,5.546,230.5
2014-01-27,3.904,5.591,206.5
2014-02-03,3.951,5.637,180.5
2014-02-10,3.977,5.674,164.5
2014-02-17,3.989,5.691,152.0
2014-02-24,4.017,5.731,139.0
2014-03-03,4.016,5.693,151.0
2014-03-10,4.021,5.7,147.0
2014-03-17,4.003,5.675,163.0
2014-03-24,3.988,5.654,172.0
2014-03-31,3.975,5.635,182.0
2014-04-07,3.959,5.594,204.0
2014-04-14,3.952,5.584,211.0
2014-04-21,3.971,5.611,191.0
2014-04-28,3.975,5.617,188.0
2014-05-05,3.964,5.582,212.0
2014-05-12,3.948,5.559,222.5
2014-05-19,3.934,5.539,234.0
2014-05-26,3.925,5.527,237.0
2014-06-02,3.918,5.507,247.0
2014-06-09,3.892,5.47,257.0
2014-06-16,3.882,5.456,259.0
2014-06-23,3.919,5.508,245.5
2014-06-30,3.92,5.509,244.0
2014-07-07,3.913,5.502,250.0
2014-07-14,3.894,5.475,255.0
2014-07-21,3.869,5.44,264.0
2014-07-28,3.858,5.424,269.0
2014-08-04,3.853,5.426,268.0
2014-08-11,3.843,5.412,270.0
2014-08-18,3.835,5.401,273.0
2014-08-25,3.821,5.381,277.0
2014-09-01,3.814,5.367,280.5
2014-09-08,3.814,5.367,280.5
2014-09-15,3.801,5.349,285.5
2014-09-22,3.778,5.317,291.5
2014-09-29,3.755,5.284,298.0
2014-10-06,3.733,5.267,302.0
2014-10-13,3.698,5.217,307.5
2014-10-20,3.656,5.158,318.0
2014-10-27,3.635,5.128,326.0
2014-11-03,3.623,5.139,324.0
2014-11-10,3.677,5.216,309.0
2014-11-17,3.661,5.193,310.0
2014-11-24,3.628,5.146,321.0
2014-12-01,3.605,5.143,323.0
2014-12-08,3.535,5.043,336.0
2014-12-15,3.419,4.878,360.0
2014-12-22,3.281,4.681,415.0
2014-12-29,3.213,4.584,439.0
2015-01-05,3.137,4.496,476.5
2015-01-12,3.053,4.376,520.0
2015-01-19,2.933,4.204,606.0
2015-01-26,2.866,4.108,669.0
2015-02-02,2.831,4.04,722.5
2015-02-09,2.835,4.046,717.5
2015-02-16,2.865,4.089,683.5
2015-02-23,2.9,4.139,648.5
2015-03-02,2.936,4.165,632.5
2015-03-09,2.944,4.177,620.0
2015-03-16,2.917,4.138,650.0
2015-03-23,2.864,4.063,701.5
2015-03-30,2.824,4.006,750.0
2015-04-06,2.784,3.942,813.5
2015-04-13,2.754,3.899,837.0
2015-04-20,2.78,3.936,817.0
2015-04-27,2.811,3.98,776.5
2015-05-04,2.854,4.02,737.5
2015-05-11,2.878,4.054,707.5
2015-05-18,2.904,4.091,682.0
2015-05-25,2.914,4.105,671.5
2015-06-01,2.909,4.083,689.0
2015-06-08,2.884,4.048,715.5
2015-06-15,2.87,4.029,731.5
2015-06-22,2.859,4.013,744.5
2015-06-29,2.843,3.991,766.0
2015-07-06,2.832,3.975,780.0
2015-07-13,2.814,3.95,806.0
2015-07-20,2.782,3.905,834.5
2015-07-27,2.723,3.822,878.0
2015-08-03,2.668,3.75,912.0
2015-08-10,2.617,3.678,940.0
2015-08-17,2.615,3.676,941.0
2015-08-24,2.561,3.6,962.5
2015-08-31,2.514,3.534,990.5
2015-09-07,2.534,3.567,969.0
2015-09-14,2.517,3.543,985.0
2015-09-21,2.493,3.51,1003.5
2015-09-28,2.476,3.486,1021.0
2015-10-05,2.492,3.51,1003.5
2015-10-12,2.556,3.6,962.5
2015-10-19,2.531,3.565,972.0
2015-10-26,2.498,3.518,999.5
2015-11-02,2.485,3.507,1005.0
2015-11-09,2.502,3.531,992.0
2015-11-16,2.482,3.503,1008.5
2015-11-23,2.445,3.451,1035.0
2015-11-30,2.421,3.417,1048.0
2015-12-07,2.379,3.369,1064.0
2015-12-14,2.338,3.311,1081.5
2015-12-21,2.284,3.235,1096.0
2015-12-28,2.237,3.168,1114.0
2016-01-04,2.211,3.126,1138.0
2016-01-11,2.177,3.078,1161.0
2016-01-18,2.112,2.986,1182.0
2016-01-25,2.071,2.928,1194.0
2016-02-01,2.031,2.869,1216.0
2016-02-08,2.008,2.837,1225.0
2016-02-15,1.98,2.797,1248.5
2016-02-22,1.983,2.801,1246.0
2016-02-29,1.989,2.81,1238.0
2016-03-07,2.021,2.843,1223.0
2016-03-14,2.099,2.953,1189.0
2016-03-21,2.119,2.981,1184.0
2016-03-28,2.121,2.984,1183.0
2016-04-04,2.115,2.961,1188.0
2016-04-11,2.128,2.979,1185.0
2016-04-18,2.165,3.031,1176.0
2016-04-25,2.198,3.077,1162.5
2016-05-02,2.266,3.16,1117.0
2016-05-09,2.271,3.167,1115.0
2016-05-16,2.297,3.203,1105.0
2016-05-23,2.357,3.287,1090.5
2016-05-30,2.382,3.322,1077.0
2016-06-06,2.407,3.345,1072.0
2016-06-13,2.431,3.379,1058.0
2016-06-20,2.426,3.372,1061.5
2016-06-27,2.426,3.372,1061.5
2016-07-04,2.423,3.373,1059.5
2016-07-11,2.414,3.361,1067.0
2016-07-18,2.402,3.344,1073.0
2016-07-25,2.379,3.312,1080.0
2016-08-01,2.348,3.266,1093.0
2016-08-08,2.316,3.221,1099.5
2016-08-15,2.31,3.213,1103.0
2016-08-22,2.37,3.296,1087.0
2016-08-29,2.409,3.351,1071.0
2016-09-05,2.407,3.34,1074.0
2016-09-12,2.399,3.329,1075.5
2016-09-19,2.389,3.315,1078.0
2016-09-26,2.382,3.305,1085.0
2016-10-03,2.389,3.311,1081.5
2016-10-10,2.445,3.388,1055.0
2016-10-17,2.481,3.438,1039.5
2016-10-24,2.478,3.434,1042.0
2016-10-31,2.479,3.435,1041.0
2016-11-07,2.47,3.428,1045.0
2016-11-14,2.443,3.391,1053.0
2016-11-21,2.421,3.36,1068.0
2016-11-28,2.42,3.359,1069.0
2016-12-05,2.48,3.441,1037.5
2016-12-12,2.493,3.459,1030.0
2016-12-19,2.527,3.506,1006.5
2016-12-26,2.54,3.524,995.0
2017-01-02,2.586,3.567,969.0
2017-01-09,2.597,3.582,966.0
2017-01-16,2.585,3.566,971.0
2017-01-23,2.569,3.544,983.0
2017-01-30,2.562,3.534,990.5
2017-02-06,2.558,3.518,999.5
2017-02-13,2.565,3.527,994.0
2017-02-20,2.572,3.537,987.5
2017-02-27,2.577,3.544,983.0
2017-03-06,2.579,3.544,983.0
2017-03-13,2.564,3.523,996.0
2017-03-20,2.539,3.489,1018.5
2017-03-27,2.532,3.479,1023.0
2017-04-03,2.556,3.502,1010.5
2017-04-10,2.582,3.537,987.5
2017-04-17,2.597,3.558,975.0
2017-04-24,2.595,3.555,976.0
2017-05-01,2.583,3.535,989.0
2017-05-08,2.565,3.511,1002.0
2017-05-15,2.544,3.482,1022.0
2017-05-22,2.539,3.475,1025.0
2017-05-29,2.571,3.519,998.0
2017-06-05,2.564,3.506,1006.5
2017-06-12,2.524,3.452,1032.5
2017-06-19,2.489,3.404,1050.0
2017-06-26,2.465,3.371,1063.0
2017-07-03,2.472,3.383,1056.0
2017-07-10,2.481,3.395,1052.0
2017-07-17,2.491,3.409,1049.0
2017-07-24,2.507,3.431,1043.0
2017-07-31,2.531,3.464,1028.0
2017-08-07,2.581,3.521,997.0
2017-08-14,2.598,3.545,981.0
2017-08-21,2.596,3.542,986.0
2017-08-28,2.605,3.554,977.0
2017-09-04,2.758,3.743,914.0
2017-09-11,2.802,3.803,881.5
2017-09-18,2.791,3.788,891.0
2017-09-25,2.788,3.784,894.0
2017-10-02,2.792,3.792,888.5
2017-10-09,2.776,3.77,900.0
2017-10-16,2.787,3.785,893.0
2017-10-23,2.797,3.798,885.5
2017-10-30,2.819,3.828,875.5
2017-11-06,2.882,3.914,830.0
2017-11-13,2.915,3.959,798.0
2017-11-20,2.912,3.955,801.0
2017-11-27,2.926,3.974,782.5
2017-12-04,2.922,3.97,788.5
2017-12-11,2.91,3.954,802.5
2017-12-18,2.901,3.942,813.5
2017-12-25,2.903,3.945,810.0
2018-01-01,2.973,4.018,740.0
2018-01-08,2.996,4.049,714.0
2018-01-15,3.028,4.092,681.0
2018-01-22,3.025,4.088,685.0
2018-01-29,3.07,4.149,644.0
2018-02-05,3.086,4.152,641.0
2018-02-12,3.063,4.121,662.0
2018-02-19,3.027,4.072,694.0
2018-02-26,3.007,4.045,719.0
2018-03-05,2.992,4.016,741.0
2018-03-12,2.976,3.995,762.0
2018-03-19,2.972,3.989,767.5
2018-03-26,3.01,4.04,722.5
2018-04-02,3.042,4.067,698.5
2018-04-09,3.043,4.068,697.0
2018-04-16,3.104,4.15,642.5
2018-04-23,3.133,4.189,617.0
2018-04-30,3.157,4.221,598.0
2018-05-07,3.171,4.222,597.0
2018-05-14,3.239,4.313,553.0
2018-05-21,3.277,4.363,524.0
2018-05-28,3.288,4.378,517.5
2018-06-04,3.285,4.367,522.0
2018-06-11,3.266,4.342,535.0
2018-06-18,3.244,4.312,554.0
2018-06-25,3.216,4.275,577.0
2018-07-02,3.236,4.301,559.0
2018-07-09,3.243,4.311,555.0
2018-07-16,3.239,4.305,557.5
2018-07-23,3.22,4.28,572.5
2018-07-30,3.226,4.288,567.0
2018-08-06,3.223,4.282,571.0
2018-08-13,3.217,4.274,578.5
2018-08-20,3.207,4.261,587.0
2018-08-27,3.226,4.286,568.0
2018-09-03,3.252,4.315,551.0
2018-09-10,3.258,4.323,546.0
2018-09-17,3.268,4.337,539.5
2018-09-24,3.271,4.341,536.0
2018-10-01,3.313,4.389,512.0
2018-10-08,3.385,4.484,486.0
2018-10-15,3.394,4.496,476.5
2018-10-22,3.38,4.477,489.0
2018-10-29,3.355,4.444,497.0
2018-11-05,3.338,4.436,500.0
2018-11-12,3.317,4.409,510.0
2018-11-19,3.282,4.362,525.0
2018-11-26,3.261,4.334,541.0
2018-12-03,3.207,4.276,576.0
2018-12-10,3.161,4.215,600.0
2018-12-17,3.121,4.161,634.0
2018-12-24,3.077,4.103,674.5
2018-12-31,3.048,4.064,700.0
2019-01-07,3.013,4.01,746.0
2019-01-14,2.976,3.96,796.0
2019-01-21,2.965,3.946,808.0
2019-01-28,2.965,3.946,808.0
2019-02-04,2.966,3.931,820.0
2019-02-11,2.966,3.931,820.0
2019-02-18,3.006,3.984,772.5
2019-02-25,3.048,4.039,724.5
2019-03-04,3.076,4.053,709.5
2019-03-11,3.079,4.057,706.0
2019-03-18,3.07,4.046,717.5
2019-03-25,3.08,4.059,705.0
2019-04-01,3.078,4.035,728.5
2019-04-08,3.093,4.054,707.5
2019-04-15,3.118,4.087,686.5
2019-04-22,3.147,4.125,658.5
2019-04-29,3.169,4.154,639.0
2019-05-06,3.171,4.148,645.0
2019-05-13,3.16,4.133,654.0
2019-05-20,3.163,4.137,651.5
2019-05-27,3.151,4.122,661.0
2019-06-03,3.136,4.101,677.0
2019-06-10,3.105,4.061,703.5
2019-06-17,3.07,4.015,742.5
2019-06-24,3.043,3.98,776.5
2019-07-01,3.042,3.972,785.0
2019-07-08,3.055,3.989,767.5
2019-07-15,3.051,3.983,774.0
2019-07-22,3.044,3.974,782.5
2019-07-29,3.034,3.961,795.0
2019-08-05,3.032,3.959,798.0
2019-08-12,3.011,3.931,820.0
2019-08-19,2.994,3.909,832.5
2019-08-26,2.983,3.895,842.0
2019-09-02,2.976,3.883,849.5
2019-09-09,2.971,3.876,857.0
2019-09-16,2.987,3.897,840.0
2019-09-23,3.081,4.02,737.5
2019-09-30,3.066,4.0,757.0
2019-10-07,3.047,3.966,790.5
2019-10-14,3.051,3.971,786.5
2019-10-21,3.05,3.97,788.5
2019-10-28,3.064,3.988,769.5
2019-11-04,3.062,3.988,769.5
2019-11-11,3.073,4.002,753.5
2019-11-18,3.074,4.003,752.0
2019-11-25,3.066,3.993,764.5
2019-12-02,3.07,4.002,753.5
2019-12-09,3.049,3.975,780.0
2019-12-16,3.046,3.971,786.5
2019-12-23,3.041,3.964,793.5
2019-12-30,3.069,4.001,755.5
2020-01-06,3.079,3.998,759.0
2020-01-13,3.064,3.979,778.0
2020-01-20,3.037,3.944,811.5
2020-01-27,3.01,3.909,832.5
2020-02-03,2.956,3.828,875.5
2020-02-10,2.91,3.768,902.0
2020-02-17,2.89,3.742,915.0
2020-02-24,2.882,3.732,920.5
2020-03-02,2.851,3.7,935.0
2020-03-09,2.814,3.652,950.0
2020-03-16,2.733,3.547,979.0
2020-03-23,2.659,3.451,1035.0
2020-03-30,2.586,3.356,1070.0
2020-04-06,2.548,3.329,1075.5
2020-04-13,2.507,3.275,1092.0
2020-04-20,2.48,3.24,1095.0
2020-04-27,2.437,3.184,1110.0
2020-05-04,2.399,3.134,1129.5
2020-05-11,2.394,3.128,1134.0
2020-05-18,2.386,3.117,1146.0
2020-05-25,2.39,3.123,1141.0
2020-06-01,2.386,3.1,1152.0
2020-06-08,2.396,3.113,1148.0
2020-06-15,2.403,3.122,1143.0
2020-06-22,2.425,3.151,1120.5
2020-06-29,2.43,3.158,1118.0
2020-07-06,2.437,3.151,1120.5
2020-07-13,2.438,3.152,1119.0
2020-07-20,2.433,3.146,1123.5
2020-07-27,2.427,3.138,1127.0
2020-08-03,2.424,3.124,1139.0
2020-08-10,2.428,3.129,1132.0
2020-08-17,2.427,3.128,1134.0
2020-08-24,2.426,3.127,1136.5
2020-08-31,2.441,3.146,1123.5
2020-09-07,2.435,3.134,1129.5
2020-09-14,2.422,3.117,1146.0
2020-09-21,2.404,3.094,1154.0
2020-09-28,2.394,3.081,1159.5
2020-10-05,2.387,3.071,1166.0
2020-10-12,2.395,3.081,1159.5
2020-10-19,2.388,3.072,1164.5
2020-10-26,2.385,3.068,1167.5
2020-11-02,2.372,3.053,1171.0
2020-11-09,2.383,3.068,1167.5
2020-11-16,2.441,3.142,1125.5
2020-11-23,2.462,3.169,1113.0
2020-11-30,2.502,3.221,1099.5
2020-12-07,2.526,3.249,1094.0
2020-12-14,2.559,3.291,1088.5
2020-12-21,2.619,3.368,1065.0
2020-12-28,2.635,3.389,1054.0
2021-01-04,2.64,3.381,1057.0
2021-01-11,2.67,3.419,1047.0
2021-01-18,2.696,3.452,1032.5
2021-01-25,2.716,3.478,1024.0
2021-02-01,2.738,3.487,1020.0
2021-02-08,2.801,3.567,969.0
2021-02-15,2.876,3.663,947.5
2021-02-22,2.973,3.786,892.0
2021-03-01,3.072,3.885,846.0
2021-03-08,3.143,3.975,780.0
2021-03-15,3.191,4.036,727.0
2021-03-22,3.194,4.039,724.5
2021-03-29,3.161,3.998,759.0
2021-04-05,3.144,3.944,811.5
2021-04-12,3.129,3.925,823.0
2021-04-19,3.124,3.919,827.5
2021-04-26,3.124,3.919,827.5
2021-05-03,3.142,3.91,831.0
2021-05-10,3.186,3.965,792.0
2021-05-17,3.249,4.043,720.0
2021-05-24,3.253,4.048,715.5
2021-05-31,3.255,4.05,712.5
2021-06-07,3.274,4.037,726.0
2021-06-14,3.286,4.051,711.0
2021-06-21,3.287,4.053,709.5
2021-06-28,3.3,4.069,696.0
2021-07-05,3.331,4.087,686.5
2021-07-12,3.338,4.096,680.0
2021-07-19,3.344,4.103,674.5
2021-07-26,3.342,4.101,677.0
2021-08-02,3.367,4.123,660.0
2021-08-09,3.364,4.119,663.5
2021-08-16,3.356,4.109,668.0
2021-08-23,3.324,4.07,695.0
2021-08-30,3.339,4.089,683.5
2021-09-06,3.373,4.119,663.5
2021-09-13,3.372,4.118,665.0
2021-09-20,3.385,4.134,653.0
2021-09-27,3.406,4.159,636.0
2021-10-04,3.477,4.211,602.0
2021-10-11,3.586,4.343,533.5
2021-10-18,3.671,4.446,496.0
2021-10-25,3.713,4.497,475.0
2021-11-01,3.727,4.492,482.0
2021-11-08,3.73,4.495,478.5
2021-11-15,3.734,4.5,472.0
2021-11-22,3.724,4.488,484.0
2021-11-29,3.72,4.483,487.0
2021-12-06,3.674,4.414,506.5
2021-12-13,3.649,4.384,513.0
2021-12-20,3.626,4.357,526.5
2021-12-27,3.615,4.343,533.5
2022-01-03,3.613,4.305,557.5
2022-01-10,3.657,4.357,526.5
2022-01-17,3.725,4.438,498.0
2022-01-24,3.78,4.504,468.0
2022-01-31,3.846,4.582,440.5
2022-02-07,3.951,4.665,417.0
2022-02-14,4.019,4.745,400.0
2022-02-21,4.055,4.788,387.0
2022-02-28,4.104,4.846,371.0
2022-03-07,4.849,5.65,174.5
2022-03-14,5.25,6.117,42.0
2022-03-21,5.134,5.982,67.0
2022-03-28,5.185,6.041,52.0
2022-04-04,5.144,5.96,77.0
2022-04-11,5.073,5.878,96.0
2022-04-18,5.101,5.91,90.0
2022-04-25,5.16,5.979,69.0
2022-05-02,5.509,6.313,31.0
2022-05-09,5.623,6.444,22.0
2022-05-16,5.613,6.433,23.0
2022-05-23,5.571,6.385,27.0
2022-05-30,5.539,6.348,28.0
2022-06-06,5.703,6.447,21.0
2022-06-13,5.718,6.464,19.0
2022-06-20,5.81,6.568,15.0
2022-06-27,5.783,6.538,16.0
2022-07-04,5.675,6.416,25.5
2022-07-11,5.568,6.295,33.0
2022-07-18,5.432,6.142,41.0
2022-07-25,5.268,5.956,78.0
2022-08-01,5.138,5.811,118.0
2022-08-08,4.993,5.647,177.0
2022-08-15,4.911,5.555,224.0
2022-08-22,4.909,5.552,225.0
2022-08-29,5.115,5.785,124.0
2022-09-05,5.084,5.738,138.0
2022-09-12,5.033,5.68,158.5
2022-09-19,4.964,5.602,196.0
2022-09-26,4.889,5.518,242.0
2022-10-03,4.836,5.436,265.0
2022-10-10,5.224,5.872,98.0
2022-10-17,5.339,6.001,61.0
2022-10-24,5.341,6.004,59.0
2022-10-31,5.317,5.977,72.0
2022-11-07,5.333,6.001,61.0
2022-11-14,5.313,5.978,70.5
2022-11-21,5.233,5.888,94.0
2022-11-28,5.141,5.785,124.0
2022-12-05,4.967,5.606,194.0
2022-12-12,4.754,5.366,282.5
2022-12-19,4.596,5.187,314.0
2022-12-26,4.537,5.121,327.0
2023-01-02,4.583,5.132,325.0
2023-01-09,4.549,5.094,328.0
2023-01-16,4.524,5.066,333.0
2023-01-23,4.604,5.155,319.0
2023-01-30,4.622,5.175,316.0
2023-02-06,4.539,5.054,335.0
2023-02-13,4.444,4.948,347.5
2023-02-20,4.376,4.873,362.0
2023-02-27,4.294,4.781,388.5
2023-03-06,4.282,4.752,398.0
2023-03-13,4.247,4.713,407.0
2023-03-20,4.185,4.645,422.0
2023-03-27,4.128,4.581,442.0
2023-04-03,4.105,4.533,456.0
2023-04-10,4.098,4.525,458.5
2023-04-17,4.116,4.545,450.0
2023-04-24,4.077,4.502,469.0
2023-05-01,4.018,4.426,504.0
2023-05-08,3.922,4.32,548.0
2023-05-15,3.897,4.292,565.0
2023-05-22,3.883,4.277,575.0
2023-05-29,3.855,4.246,591.0
2023-06-05,3.797,4.169,626.5
2023-06-12,3.794,4.165,632.5
2023-06-19,3.815,4.188,618.0
2023-06-26,3.801,4.173,623.0
2023-07-03,3.767,4.128,656.0
2023-07-10,3.806,4.171,624.5
2023-07-17,3.806,4.171,624.5
2023-07-24,3.905,4.279,574.0
2023-07-31,4.127,4.522,462.5
2023-08-07,4.239,4.625,427.0
2023-08-14,4.378,4.777,390.5
2023-08-21,4.389,4.789,386.0
2023-08-28,4.475,4.882,359.0
2023-09-04,4.492,4.889,355.0
2023-09-11,4.54,4.941,349.0
2023-09-18,4.633,5.042,337.0
2023-09-25,4.586,4.991,342.0
2023-10-02,4.593,5.001,341.0
2023-10-09,4.498,4.897,354.0
2023-10-16,4.444,4.838,373.0
2023-10-23,4.545,4.948,347.5
2023-10-30,4.454,4.849,368.5
2023-11-06,4.366,4.763,396.0
2023-11-13,4.294,4.685,413.0
2023-11-20,4.209,4.592,436.0
2023-11-27,4.146,4.523,461.0
2023-12-04,4.092,4.469,491.0
2023-12-11,3.987,4.354,528.0
2023-12-18,3.894,4.252,590.0
2023-12-25,3.914,4.274,578.5
2024-01-01,3.876,4.21,603.0
2024-01-08,3.828,4.158,637.0
2024-01-15,3.863,4.196,613.0
2024-01-22,3.838,4.169,626.5
2024-01-29,3.867,4.2,609.0
2024-02-05,3.899,4.209,604.0
2024-02-12,4.109,4.435,501.5
2024-02-19,4.109,4.435,501.5
2024-02-26,4.058,4.38,515.0
2024-03-04,4.022,4.314,552.0
2024-03-11,4.004,4.294,564.0
2024-03-18,4.028,4.32,548.0
2024-03-25,4.034,4.327,542.5
2024-04-01,3.996,4.269,581.0
2024-04-08,4.061,4.339,538.0
2024-04-15,4.015,4.289,566.0
2024-04-22,3.992,4.265,584.0
2024-04-29,3.947,4.217,599.0
2024-05-06,3.894,4.153,640.0
2024-05-13,3.848,4.104,673.0
2024-05-20,3.789,4.041,721.0
2024-05-27,3.758,4.008,747.5
2024-06-03,3.726,3.973,784.0
2024-06-10,3.658,3.9,836.0
2024-06-17,3.735,3.982,775.0
2024-06-24,3.769,4.019,739.0
2024-07-01,3.813,4.061,703.5
2024-07-08,3.865,4.116,666.5
2024-07-15,3.826,4.075,692.0
2024-07-22,3.779,4.025,733.5
2024-07-29,3.768,4.013,744.5
2024-08-05,3.755,3.996,761.0
2024-08-12,3.704,3.941,815.0
2024-08-19,3.688,3.924,824.0
2024-08-26,3.651,3.885,846.0
2024-09-02,3.625,3.851,867.5
2024-09-09,3.555,3.777,896.0
2024-09-16,3.526,3.746,913.0
2024-09-23,3.539,3.76,905.0
2024-09-30,3.544,3.765,903.0
2024-10-07,3.584,3.803,881.5
2024-10-14,3.631,3.853,866.0
2024-10-21,3.553,3.77,900.0
2024-10-28,3.573,3.792,888.5
2024-11-04,3.536,3.754,910.0
2024-11-11,3.521,3.738,917.0
2024-11-18,3.491,3.707,934.0
2024-11-25,3.539,3.758,906.0
2024-12-02,3.54,3.757,907.5
2024-12-09,3.458,3.67,944.0
2024-12-16,3.494,3.708,932.0
2024-12-23,3.476,3.689,938.0
2024-12-30,3.503,3.718,924.5
2025-01-06,3.561,3.755,909.0
2025-01-13,3.602,3.798,885.5
2025-01-20,3.715,3.917,829.0
2025-01-27,3.659,3.858,864.0
2025-02-03,3.66,3.842,871.0
2025-02-10,3.665,3.848,869.5
2025-02-17,3.677,3.86,862.0
2025-02-24,3.697,3.881,852.5
2025-03-03,3.635,3.808,879.0
2025-03-10,3.582,3.752,911.0
2025-03-17,3.549,3.717,926.0
2025-03-24,3.567,3.736,919.0
2025-03-31,3.592,3.763,904.0
2025-04-07,3.639,3.8,884.0
2025-04-14,3.579,3.737,918.0
2025-04-21,3.534,3.69,937.0
2025-04-28,3.514,3.669,945.0
2025-05-05,3.497,3.644,951.0
2025-05-12,3.476,3.622,957.0
2025-05-19,3.536,3.685,939.0
2025-05-26,3.487,3.634,956.0
2025-06-02,3.451,3.584,965.0
2025-06-09,3.471,3.605,960.0
2025-06-16,3.571,3.708,932.0
2025-06-23,3.775,3.92,825.5
2025-06-30,3.727,3.87,859.0
2025-07-07,3.739,3.877,856.0
2025-07-14,3.758,3.897,840.0
2025-07-21,3.812,3.953,804.5
2025-07-28,3.805,3.946,808.0
2025-08-04,3.8,3.929,822.0
2025-08-11,3.754,3.882,851.0
2025-08-18,3.713,3.839,872.0
2025-08-25,3.708,3.834,874.0
2025-09-01,3.734,3.851,867.5
2025-09-08,3.766,3.884,848.0
2025-09-15,3.739,3.856,865.0
2025-09-22,3.749,3.867,861.0
2025-09-29,3.754,3.872,858.0
2025-10-06,3.711,3.711,929.0
2025-10-13,3.665,3.665,946.0
2025-10-20,3.62,3.62,958.0
2025-10-27,3.718,3.718,924.5
2025-11-03,3.753,3.879,854.5
2025-11-10,3.837,3.966,790.5
2025-11-17,3.868,3.998,759.0
2025-11-24,3.831,3.959,798.0
2025-12-01,3.758,3.885,846.0
2025-12-08,3.665,3.789,890.0
2025-12-15,3.607,3.729,922.0
2025-12-22,3.544,3.663,947.5
2025-12-29,3.5,3.618,959.0
2026-01-05,3.477,3.581,967.0
2026-01-12,3.459,3.562,973.5
2026-01-19,3.53,3.636,954.0
2026-01-26,3.624,3.732,920.5
2026-02-02,3.681,3.773,897.0
2026-02-09,3.688,3.78,895.0
2026-02-16,3.711,3.804,880.0
2026-02-23,3.809,3.905,834.5
2026-03-02,3.897,3.953,804.5
2026-03-09,4.859,4.929,351.0
2026-03-16,5.071,5.144,322.0
2026-03-23,5.375,5.453,261.0
2026-03-30,5.401,5.479,254.0
2026-04-06,5.643,5.676,161.5
2026-04-13,5.608,5.641,178.0
2026-04-20,5.403,5.435,266.5
2026-04-27,5.351,5.382,276.0
2026-05-04,5.64,5.638,179.0
2026-05-11,5.639,5.637,180.5
2026-05-18,5.596,5.594,204.0
2026-05-25,5.523,5.521,240.0
2026-06-01,5.35,5.366,282.5
2026-06-08,5.21,5.226,306.0
2026-06-15,5.059,5.075,330.0
2026-06-22,4.832,4.847,370.0
2026-06-29,4.668,4.682,414.0
2026-07-06,4.578,4.593,435.0
2026-07-13,4.796,4.811,379.0
2026-07-20,5.134,5.15,320.0
2026-07-27,5.313,5.33,290.0
2026-08-03,5.348,5.348,287.0
2026-08-10,5.257,5.257,304.0
2026-08-17,5.454,5.454,260.0
2026-08-24,5.652,5.652,173.0
2026-08-31,5.599,5.599,199.0
2026-09-07,5.967,5.967,74.0
2026-09-14,6.285,6.285,34.0
2026-09-21,6.529,6.529,17.0
